CountryCode,SbjCode,Country,Units,Year,Values,l,h,id
CAN,LP,Canada,Persons,2022,38.846,0,38.846,1
ITA,LP,Italy,Persons,2022,59.03,48.846,107.876,2
FRA,LP,France,Persons,2022,65.647,117.876,183.523,3
GBR,LP,United Kingdom,Persons,2022,67.791,193.523,261.314,4
DEU,LP,Germany,Persons,2022,83.798,271.314,355.112,5
JPN,LP,Japan,Persons,2022,125.171,365.112,490.283,6
RUS,LP,Russia,Persons,2022,143.442,500.283,643.725,7
USA,LP,United States,Persons,2022,333.53,653.725,987.255,8
CHN,LP,China,Persons,2022,1411.75,997.255,2409.005,10
IND,LP,India,Persons,2022,1417.17,2419.005,3836.175,9
CAN,LP,Canada,Persons,2021,38.205,0,38.205,1
ITA,LP,Italy,Persons,2021,59.236,48.205,107.441,2
FRA,LP,France,Persons,2021,65.45,117.441,182.891,3
GBR,LP,United Kingdom,Persons,2021,67.28,192.891,260.171,4
DEU,LP,Germany,Persons,2021,83.196,270.171,353.367,5
JPN,LP,Japan,Persons,2021,125.507,363.367,488.874,6
RUS,LP,Russia,Persons,2021,145.558,498.874,644.432,7
USA,LP,United States,Persons,2021,332.314,654.432,986.746,8
IND,LP,India,Persons,2021,1407.56,996.746,2404.306,9
CHN,LP,China,Persons,2021,1412.6,2414.306,3826.906,10
CAN,LP,Canada,Persons,2020,37.977,0,37.977,1
ITA,LP,Italy,Persons,2020,59.641,47.977,107.618,2
FRA,LP,France,Persons,2020,65.269,117.618,182.887,3
GBR,LP,United Kingdom,Persons,2020,67.081,192.887,259.968,4
DEU,LP,Germany,Persons,2020,83.161,269.968,353.129,5
JPN,LP,Japan,Persons,2020,125.849,363.129,488.978,6
RUS,LP,Russia,Persons,2020,146.171,498.978,645.149,7
USA,LP,United States,Persons,2020,331.257,655.149,986.406,8
IND,LP,India,Persons,2020,1396.39,996.406,2392.796,9
CHN,LP,China,Persons,2020,1412.12,2402.796,3814.916,10
CAN,LP,Canada,Persons,2019,37.54,0,37.54,1
ITA,LP,Italy,Persons,2019,59.817,47.54,107.357,2
FRA,LP,France,Persons,2019,65.097,117.357,182.454,3
GBR,LP,United Kingdom,Persons,2019,66.797,192.454,259.251,4
DEU,LP,Germany,Persons,2019,83.093,269.251,352.344,5
JPN,LP,Japan,Persons,2019,126.221,362.344,488.565,6
RUS,LP,Russia,Persons,2019,146.749,498.565,645.314,7
USA,LP,United States,Persons,2019,328.547,655.314,983.861,8
IND,LP,India,Persons,2019,1383.11,993.861,2376.971,9
CHN,LP,China,Persons,2019,1410.08,2386.971,3797.051,10
CAN,LP,Canada,Persons,2018,37.003,0,37.003,1
ITA,LP,Italy,Persons,2018,59.938,47.003,106.941,2
FRA,LP,France,Persons,2018,64.844,116.941,181.785,3
GBR,LP,United Kingdom,Persons,2018,66.436,191.785,258.221,4
DEU,LP,Germany,Persons,2018,82.906,268.221,351.127,5
JPN,LP,Japan,Persons,2018,126.495,361.127,487.622,6
RUS,LP,Russia,Persons,2018,146.781,497.622,644.403,7
USA,LP,United States,Persons,2018,327.023,654.403,981.426,8
IND,LP,India,Persons,2018,1369,991.426,2360.426,9
CHN,LP,China,Persons,2018,1405.41,2370.426,3775.836,10
CAN,LP,Canada,Persons,2017,36.495,0,36.495,1
ITA,LP,Italy,Persons,2017,60.067,46.495,106.562,2
FRA,LP,France,Persons,2017,64.639,116.562,181.201,3
GBR,LP,United Kingdom,Persons,2017,66.04,191.201,257.241,4
DEU,LP,Germany,Persons,2017,82.657,267.241,349.898,5
JPN,LP,Japan,Persons,2017,126.746,359.898,486.644,6
RUS,LP,Russia,Persons,2017,146.88,496.644,643.524,7
USA,LP,United States,Persons,2017,325.28,653.524,978.804,8
IND,LP,India,Persons,2017,1354.2,988.804,2343.004,9
CHN,LP,China,Persons,2017,1400.11,2353.004,3753.114,10
CAN,LP,Canada,Persons,2016,36.052,0,36.052,1
ITA,LP,Italy,Persons,2016,60.164,46.052,106.216,2
FRA,LP,France,Persons,2016,64.469,116.216,180.685,3
GBR,LP,United Kingdom,Persons,2016,65.648,190.685,256.333,4
DEU,LP,Germany,Persons,2016,82.349,266.333,348.682,5
JPN,LP,Japan,Persons,2016,126.96,358.682,485.642,6
RUS,LP,Russia,Persons,2016,146.804,495.642,642.446,7
USA,LP,United States,Persons,2016,323.221,652.446,975.667,8
IND,LP,India,Persons,2016,1338.64,985.667,2324.307,9
CHN,LP,China,Persons,2016,1392.32,2334.307,3726.627,10
CAN,LP,Canada,Persons,2015,35.678,0,35.678,1
ITA,LP,Italy,Persons,2015,60.295,45.678,105.973,2
FRA,LP,France,Persons,2015,64.301,115.973,180.274,3
GBR,LP,United Kingdom,Persons,2015,65.11,190.274,255.384,4
DEU,LP,Germany,Persons,2015,81.687,265.384,347.071,5
JPN,LP,Japan,Persons,2015,126.978,357.071,484.049,6
RUS,LP,Russia,Persons,2015,146.545,494.049,640.594,7
USA,LP,United States,Persons,2015,320.926,650.594,971.52,8
IND,LP,India,Persons,2015,1322.87,981.52,2304.39,9
CHN,LP,China,Persons,2015,1383.26,2314.39,3697.65,10
CAN,LP,Canada,Persons,2014,35.392,0,35.392,1
ITA,LP,Italy,Persons,2014,60.346,45.392,105.738,2
FRA,LP,France,Persons,2014,64.028,115.738,179.766,3
GBR,LP,United Kingdom,Persons,2014,64.597,189.766,254.363,4
DEU,LP,Germany,Persons,2014,80.983,264.363,345.346,5
JPN,LP,Japan,Persons,2014,127.12,355.346,482.466,6
RUS,LP,Russia,Persons,2014,146.267,492.466,638.733,7
USA,LP,United States,Persons,2014,318.619,648.733,967.352,8
IND,LP,India,Persons,2014,1307.25,977.352,2284.602,9
CHN,LP,China,Persons,2014,1376.46,2294.602,3671.062,10
CAN,LP,Canada,Persons,2013,35.034,0,35.034,1
ITA,LP,Italy,Persons,2013,60.277,45.034,105.311,2
FRA,LP,France,Persons,2013,63.698,115.311,179.009,3
GBR,LP,United Kingdom,Persons,2013,64.106,189.009,253.115,4
DEU,LP,Germany,Persons,2013,80.646,263.115,343.761,5
JPN,LP,Japan,Persons,2013,127.333,353.761,481.094,6
RUS,LP,Russia,Persons,2013,143.667,491.094,634.761,7
USA,LP,United States,Persons,2013,316.331,644.761,961.092,8
IND,LP,India,Persons,2013,1291.13,971.092,2262.222,9
CHN,LP,China,Persons,2013,1367.26,2272.222,3639.482,10
CAN,LP,Canada,Persons,2012,34.665,0,34.665,1
ITA,LP,Italy,Persons,2012,60.105,44.665,104.77,2
FRA,LP,France,Persons,2012,63.376,114.77,178.146,3
GBR,LP,United Kingdom,Persons,2012,63.705,188.146,251.851,4
DEU,LP,Germany,Persons,2012,80.426,261.851,342.277,5
JPN,LP,Japan,Persons,2012,127.552,352.277,479.829,6
RUS,LP,Russia,Persons,2012,143.347,489.829,633.176,7
USA,LP,United States,Persons,2012,314.167,643.176,957.343,8
IND,LP,India,Persons,2012,1274.49,967.343,2241.833,9
CHN,LP,China,Persons,2012,1359.22,2251.833,3611.053,10
CAN,LP,Canada,Persons,2011,34.298,0,34.298,1
ITA,LP,Italy,Persons,2011,59.948,44.298,104.246,2
FRA,LP,France,Persons,2011,63.07,114.246,177.316,3
GBR,LP,United Kingdom,Persons,2011,63.285,187.316,250.601,4
DEU,LP,Germany,Persons,2011,80.276,260.601,340.877,5
JPN,LP,Japan,Persons,2011,127.831,350.877,478.708,6
RUS,LP,Russia,Persons,2011,143.056,488.708,631.764,7
USA,LP,United States,Persons,2011,311.944,641.764,953.708,8
IND,LP,India,Persons,2011,1257.62,963.708,2221.328,9
CHN,LP,China,Persons,2011,1349.16,2231.328,3580.488,10
CAN,LP,Canada,Persons,2010,33.958,0,33.958,1
ITA,LP,Italy,Persons,2010,59.69,43.958,103.648,2
GBR,LP,United Kingdom,Persons,2010,62.76,113.648,176.408,4
FRA,LP,France,Persons,2010,62.765,186.408,249.173,3
DEU,LP,Germany,Persons,2010,80.285,259.173,339.458,5
JPN,LP,Japan,Persons,2010,127.594,349.458,477.052,6
RUS,LP,Russia,Persons,2010,142.865,487.052,629.917,7
USA,LP,United States,Persons,2010,309.737,639.917,949.654,8
IND,LP,India,Persons,2010,1240.61,959.654,2200.264,9
CHN,LP,China,Persons,2010,1340.91,2210.264,3551.174,10
CAN,LP,Canada,Persons,2009,33.581,0,33.581,1
ITA,LP,Italy,Persons,2009,59.421,43.581,103.002,2
GBR,LP,United Kingdom,Persons,2009,62.261,113.002,175.263,4
FRA,LP,France,Persons,2009,62.466,185.263,247.729,3
DEU,LP,Germany,Persons,2009,80.483,257.729,338.212,5
JPN,LP,Japan,Persons,2009,127.551,348.212,475.763,6
RUS,LP,Russia,Persons,2009,142.834,485.763,628.597,7
USA,LP,United States,Persons,2009,307.374,638.597,945.971,8
IND,LP,India,Persons,2009,1223.64,955.971,2179.611,9
CHN,LP,China,Persons,2009,1334.5,2189.611,3524.111,10
CAN,LP,Canada,Persons,2008,33.199,0,33.199,1
ITA,LP,Italy,Persons,2008,59.002,43.199,102.201,2
GBR,LP,United Kingdom,Persons,2008,61.824,112.201,174.025,4
FRA,LP,France,Persons,2008,62.135,184.025,246.16,3
DEU,LP,Germany,Persons,2008,80.764,256.16,336.924,5
JPN,LP,Japan,Persons,2008,127.692,346.924,474.616,6
RUS,LP,Russia,Persons,2008,142.737,484.616,627.353,7
USA,LP,United States,Persons,2008,304.718,637.353,942.071,8
IND,LP,India,Persons,2008,1206.74,952.071,2158.811,9
CHN,LP,China,Persons,2008,1328.02,2168.811,3496.831,10
CAN,LP,Canada,Persons,2007,32.849,0,32.849,1
ITA,LP,Italy,Persons,2007,58.511,42.849,101.36,2
GBR,LP,United Kingdom,Persons,2007,61.319,111.36,172.679,4
FRA,LP,France,Persons,2007,61.795,182.679,244.474,3
DEU,LP,Germany,Persons,2007,80.993,254.474,335.467,5
JPN,LP,Japan,Persons,2007,127.757,345.467,473.224,6
RUS,LP,Russia,Persons,2007,142.748,483.224,625.972,7
USA,LP,United States,Persons,2007,301.903,635.972,937.875,8
IND,LP,India,Persons,2007,1189.69,947.875,2137.565,9
CHN,LP,China,Persons,2007,1321.29,2147.565,3468.855,10
CAN,LP,Canada,Persons,2006,32.529,0,32.529,1
ITA,LP,Italy,Persons,2006,58.289,42.529,100.818,2
GBR,LP,United Kingdom,Persons,2006,60.827,110.818,171.645,4
FRA,LP,France,Persons,2006,61.4,181.645,243.045,3
DEU,LP,Germany,Persons,2006,81.174,253.045,334.219,5
JPN,LP,Japan,Persons,2006,127.746,344.219,471.965,6
RUS,LP,Russia,Persons,2006,142.863,481.965,624.828,7
USA,LP,United States,Persons,2006,298.93,634.828,933.758,8
IND,LP,India,Persons,2006,1172.37,943.758,2116.128,9
CHN,LP,China,Persons,2006,1314.48,2126.128,3440.608,10
CAN,LP,Canada,Persons,2005,32.204,0,32.204,1
ITA,LP,Italy,Persons,2005,58.044,42.204,100.248,2
GBR,LP,United Kingdom,Persons,2005,60.413,110.248,170.661,4
FRA,LP,France,Persons,2005,60.963,180.661,241.624,3
DEU,LP,Germany,Persons,2005,81.337,251.624,332.961,5
JPN,LP,Japan,Persons,2005,127.752,342.961,470.713,6
RUS,LP,Russia,Persons,2005,143.237,480.713,623.95,7
USA,LP,United States,Persons,2005,296.115,633.95,930.065,8
IND,LP,India,Persons,2005,1154.64,940.065,2094.705,9
CHN,LP,China,Persons,2005,1307.56,2104.705,3412.265,10
CAN,LP,Canada,Persons,2004,31.901,0,31.901,1
ITA,LP,Italy,Persons,2004,57.612,41.901,99.513,2
GBR,LP,United Kingdom,Persons,2004,59.95,109.513,169.463,4
FRA,LP,France,Persons,2004,60.505,179.463,239.968,3
DEU,LP,Germany,Persons,2004,81.456,249.968,331.424,5
JPN,LP,Japan,Persons,2004,127.734,341.424,469.158,6
RUS,LP,Russia,Persons,2004,143.801,479.158,622.959,7
USA,LP,United States,Persons,2004,293.389,632.959,926.348,8
IND,LP,India,Persons,2004,1136.27,936.348,2072.618,9
CHN,LP,China,Persons,2004,1299.88,2082.618,3382.498,10
CAN,LP,Canada,Persons,2003,31.603,0,31.603,1
ITA,LP,Italy,Persons,2003,57.186,41.603,98.789,2
GBR,LP,United Kingdom,Persons,2003,59.637,108.789,168.426,4
FRA,LP,France,Persons,2003,60.102,178.426,238.528,3
DEU,LP,Germany,Persons,2003,81.549,248.528,330.077,5
JPN,LP,Japan,Persons,2003,127.634,340.077,467.711,6
RUS,LP,Russia,Persons,2003,144.334,477.711,622.045,7
USA,LP,United States,Persons,2003,290.733,632.045,922.778,8
IND,LP,India,Persons,2003,1117.42,932.778,2050.198,9
CHN,LP,China,Persons,2003,1292.27,2060.198,3352.468,10
CAN,LP,Canada,Persons,2002,31.309,0,31.309,1
ITA,LP,Italy,Persons,2002,56.993,41.309,98.302,2
GBR,LP,United Kingdom,Persons,2002,59.366,108.302,167.668,4
FRA,LP,France,Persons,2002,59.686,177.668,237.354,3
DEU,LP,Germany,Persons,2002,81.579,247.354,328.933,5
JPN,LP,Japan,Persons,2002,127.4,338.933,466.333,6
RUS,LP,Russia,Persons,2002,144.964,476.333,621.297,7
USA,LP,United States,Persons,2002,288.019,631.297,919.316,8
IND,LP,India,Persons,2002,1098.31,929.316,2027.626,9
CHN,LP,China,Persons,2002,1284.53,2037.626,3322.156,10
CAN,LP,Canada,Persons,2001,30.971,0,30.971,1
ITA,LP,Italy,Persons,2001,56.961,40.971,97.932,2
GBR,LP,United Kingdom,Persons,2001,59.113,107.932,167.045,4
FRA,LP,France,Persons,2001,59.267,177.045,236.312,3
DEU,LP,Germany,Persons,2001,81.518,246.312,327.83,5
JPN,LP,Japan,Persons,2001,127.132,337.83,464.962,6
RUS,LP,Russia,Persons,2001,145.649,474.962,620.611,7
USA,LP,United States,Persons,2001,285.216,630.611,915.827,8
IND,LP,India,Persons,2001,1078.97,925.827,2004.797,9
CHN,LP,China,Persons,2001,1276.27,2014.797,3291.067,10
CAN,LP,Canada,Persons,2023,38.846,0,38.846,1
ITA,LP,Italy,Persons,2023,59.03,48.846,107.876,2
FRA,LP,France,Persons,2023,65.647,117.876,183.523,3
GBR,LP,United Kingdom,Persons,2023,67.791,193.523,261.314,4
DEU,LP,Germany,Persons,2023,83.798,271.314,355.112,5
JPN,LP,Japan,Persons,2023,125.171,365.112,490.283,6
RUS,LP,Russia,Persons,2023,143.442,500.283,643.725,7
USA,LP,United States,Persons,2023,333.53,653.725,987.255,8
CHN,LP,China,Persons,2023,1411.75,997.255,2409.005,10
IND,LP,India,Persons,2023,1417.17,2419.005,3836.175,9
CAN,LP,Canada,Persons,2030,38.205,0,38.205,1
CAN,LP,Canada,Persons,2030,38.846,0,38.846,1
ITA,LP,Italy,Persons,2030,59.03,48.846,107.876,2
FRA,LP,France,Persons,2030,65.647,117.876,183.523,3
GBR,LP,United Kingdom,Persons,2030,67.791,193.523,261.314,4
DEU,LP,Germany,Persons,2030,83.798,271.314,355.112,5
JPN,LP,Japan,Persons,2030,125.171,365.112,490.283,6
RUS,LP,Russia,Persons,2030,143.442,500.283,643.725,7
USA,LP,United States,Persons,2030,333.53,653.725,987.255,8
CHN,LP,China,Persons,2030,1411.75,997.255,2409.005,10
IND,LP,India,Persons,2030,1417.17,2419.005,3836.175,9
CAN,LP,Canada,Persons,2030,38.205,0,38.205,1